"Country or Area","Year","Area","Month","Record Type","Reliability","Source Year","Value","Value Footnotes"
"Republic of Korea","2014","Total","Total","Data tabulated by year of occurrence","Final figure, complete","2016","435435","1"
"Republic of Korea","2014","Total","January","Data tabulated by year of occurrence","Final figure, complete","2016","41229","1"
"Republic of Korea","2014","Total","February","Data tabulated by year of occurrence","Final figure, complete","2016","36754","1"
"Republic of Korea","2014","Total","March","Data tabulated by year of occurrence","Final figure, complete","2016","38021","1"
"Republic of Korea","2014","Total","April","Data tabulated by year of occurrence","Final figure, complete","2016","37183","1"
"Republic of Korea","2014","Total","May","Data tabulated by year of occurrence","Final figure, complete","2016","35749","1"
"Republic of Korea","2014","Total","June","Data tabulated by year of occurrence","Final figure, complete","2016","34171","1"
"Republic of Korea","2014","Total","July","Data tabulated by year of occurrence","Final figure, complete","2016","36390","1"
"Republic of Korea","2014","Total","August","Data tabulated by year of occurrence","Final figure, complete","2016","36539","1"
"Republic of Korea","2014","Total","September","Data tabulated by year of occurrence","Final figure, complete","2016","37879","1"
"Republic of Korea","2014","Total","October","Data tabulated by year of occurrence","Final figure, complete","2016","36450","1"
"Republic of Korea","2014","Total","November","Data tabulated by year of occurrence","Final figure, complete","2016","32379","1"
"Republic of Korea","2014","Total","December","Data tabulated by year of occurrence","Final figure, complete","2016","32691","1"
"Republic of Korea","2013","Total","Total","Data tabulated by year of occurrence","Final figure, complete","2016","436455","1"
"Republic of Korea","2013","Total","January","Data tabulated by year of occurrence","Final figure, complete","2016","44247","1"
"Republic of Korea","2013","Total","February","Data tabulated by year of occurrence","Final figure, complete","2016","36645","1"
"Republic of Korea","2013","Total","March","Data tabulated by year of occurrence","Final figure, complete","2016","38540","1"
"Republic of Korea","2013","Total","April","Data tabulated by year of occurrence","Final figure, complete","2016","36738","1"
"Republic of Korea","2013","Total","May","Data tabulated by year of occurrence","Final figure, complete","2016","35626","1"
"Republic of Korea","2013","Total","June","Data tabulated by year of occurrence","Final figure, complete","2016","33154","1"
"Republic of Korea","2013","Total","July","Data tabulated by year of occurrence","Final figure, complete","2016","36188","1"
"Republic of Korea","2013","Total","August","Data tabulated by year of occurrence","Final figure, complete","2016","36400","1"
"Republic of Korea","2013","Total","September","Data tabulated by year of occurrence","Final figure, complete","2016","37063","1"
"Republic of Korea","2013","Total","October","Data tabulated by year of occurrence","Final figure, complete","2016","36055","1"
"Republic of Korea","2013","Total","November","Data tabulated by year of occurrence","Final figure, complete","2016","33827","1"
"Republic of Korea","2013","Total","December","Data tabulated by year of occurrence","Final figure, complete","2016","31972","1"
"Republic of Korea","2013","Total","Unknown","Data tabulated by year of occurrence","Final figure, complete","2015","0","1"
"Republic of Korea","2012","Total","Total","Data tabulated by year of occurrence","Final figure, complete","2014","484550","1"
"Republic of Korea","2012","Total","January","Data tabulated by year of occurrence","Final figure, complete","2014","44984","1"
"Republic of Korea","2012","Total","February","Data tabulated by year of occurrence","Final figure, complete","2014","40609","1"
"Republic of Korea","2012","Total","March","Data tabulated by year of occurrence","Final figure, complete","2014","43209","1"
"Republic of Korea","2012","Total","April","Data tabulated by year of occurrence","Final figure, complete","2014","40094","1"
"Republic of Korea","2012","Total","May","Data tabulated by year of occurrence","Final figure, complete","2014","39388","1"
"Republic of Korea","2012","Total","June","Data tabulated by year of occurrence","Final figure, complete","2014","38170","1"
"Republic of Korea","2012","Total","July","Data tabulated by year of occurrence","Final figure, complete","2014","40127","1"
"Republic of Korea","2012","Total","August","Data tabulated by year of occurrence","Final figure, complete","2014","41455","1"
"Republic of Korea","2012","Total","September","Data tabulated by year of occurrence","Final figure, complete","2014","41735","1"
"Republic of Korea","2012","Total","October","Data tabulated by year of occurrence","Final figure, complete","2014","41889","1"
"Republic of Korea","2012","Total","November","Data tabulated by year of occurrence","Final figure, complete","2014","38579","1"
"Republic of Korea","2012","Total","December","Data tabulated by year of occurrence","Final figure, complete","2014","34311","1"
"Republic of Korea","2012","Total","Unknown","Data tabulated by year of occurrence","Final figure, complete","2014","0","1"
"Republic of Korea","2011","Total","Total","Data tabulated by year of occurrence","Final figure, complete","2013","471265","1"
"Republic of Korea","2011","Total","January","Data tabulated by year of occurrence","Final figure, complete","2013","47577","1"
"Republic of Korea","2011","Total","February","Data tabulated by year of occurrence","Final figure, complete","2013","38160","1"
"Republic of Korea","2011","Total","March","Data tabulated by year of occurrence","Final figure, complete","2013","43260","1"
"Republic of Korea","2011","Total","April","Data tabulated by year of occurrence","Final figure, complete","2013","40376","1"
"Republic of Korea","2011","Total","May","Data tabulated by year of occurrence","Final figure, complete","2013","38958","1"
"Republic of Korea","2011","Total","June","Data tabulated by year of occurrence","Final figure, complete","2013","36766","1"
"Republic of Korea","2011","Total","July","Data tabulated by year of occurrence","Final figure, complete","2013","38168","1"
"Republic of Korea","2011","Total","August","Data tabulated by year of occurrence","Final figure, complete","2013","39360","1"
"Republic of Korea","2011","Total","September","Data tabulated by year of occurrence","Final figure, complete","2013","38963","1"
"Republic of Korea","2011","Total","October","Data tabulated by year of occurrence","Final figure, complete","2013","38359","1"
"Republic of Korea","2011","Total","November","Data tabulated by year of occurrence","Final figure, complete","2013","37328","1"
"Republic of Korea","2011","Total","December","Data tabulated by year of occurrence","Final figure, complete","2013","33990","1"
"Republic of Korea","2011","Total","Unknown","Data tabulated by year of occurrence","Final figure, complete","2013","0","1"
"Republic of Korea","2010","Total","Total","Data tabulated by year of occurrence","Final figure, complete","2012","470171","1"
"Republic of Korea","2010","Total","January","Data tabulated by year of occurrence","Final figure, complete","2012","42936","1"
"Republic of Korea","2010","Total","February","Data tabulated by year of occurrence","Final figure, complete","2012","36639","1"
"Republic of Korea","2010","Total","March","Data tabulated by year of occurrence","Final figure, complete","2012","40975","1"
"Republic of Korea","2010","Total","April","Data tabulated by year of occurrence","Final figure, complete","2012","38336","1"
"Republic of Korea","2010","Total","May","Data tabulated by year of occurrence","Final figure, complete","2012","37005","1"
"Republic of Korea","2010","Total","June","Data tabulated by year of occurrence","Final figure, complete","2012","36028","1"
"Republic of Korea","2010","Total","July","Data tabulated by year of occurrence","Final figure, complete","2012","37106","1"
"Republic of Korea","2010","Total","August","Data tabulated by year of occurrence","Final figure, complete","2012","38392","1"
"Republic of Korea","2010","Total","September","Data tabulated by year of occurrence","Final figure, complete","2012","42294","1"
"Republic of Korea","2010","Total","October","Data tabulated by year of occurrence","Final figure, complete","2012","43625","1"
"Republic of Korea","2010","Total","November","Data tabulated by year of occurrence","Final figure, complete","2012","41318","1"
"Republic of Korea","2010","Total","December","Data tabulated by year of occurrence","Final figure, complete","2012","35517","1"
"Republic of Korea","2010","Total","Unknown","Data tabulated by year of occurrence","Final figure, complete","2012","0","1"
"Republic of Korea","2009","Total","Total","Data tabulated by year of occurrence","Final figure, complete","2011","444849","1"
"Republic of Korea","2009","Total","January","Data tabulated by year of occurrence","Final figure, complete","2011","44149","1"
"Republic of Korea","2009","Total","February","Data tabulated by year of occurrence","Final figure, complete","2011","36681","1"
"Republic of Korea","2009","Total","March","Data tabulated by year of occurrence","Final figure, complete","2011","39834","1"
"Republic of Korea","2009","Total","April","Data tabulated by year of occurrence","Final figure, complete","2011","37539","1"
"Republic of Korea","2009","Total","May","Data tabulated by year of occurrence","Final figure, complete","2011","35864","1"
"Republic of Korea","2009","Total","June","Data tabulated by year of occurrence","Final figure, complete","2011","34122","1"
"Republic of Korea","2009","Total","July","Data tabulated by year of occurrence","Final figure, complete","2011","35779","1"
"Republic of Korea","2009","Total","August","Data tabulated by year of occurrence","Final figure, complete","2011","36169","1"
"Republic of Korea","2009","Total","September","Data tabulated by year of occurrence","Final figure, complete","2011","38187","1"
"Republic of Korea","2009","Total","October","Data tabulated by year of occurrence","Final figure, complete","2011","37737","1"
"Republic of Korea","2009","Total","November","Data tabulated by year of occurrence","Final figure, complete","2011","35172","1"
"Republic of Korea","2009","Total","December","Data tabulated by year of occurrence","Final figure, complete","2011","33616","1"
"Republic of Korea","2009","Total","Unknown","Data tabulated by year of occurrence","Final figure, complete","2011","0","1"
"Republic of Korea","2008","Total","Total","Data tabulated by year of occurrence","Final figure, complete","2009","465892","1"
"Republic of Korea","2008","Total","January","Data tabulated by year of occurrence","Final figure, complete","2009","46747","1"
"Republic of Korea","2008","Total","February","Data tabulated by year of occurrence","Final figure, complete","2009","39495","1"
"Republic of Korea","2008","Total","March","Data tabulated by year of occurrence","Final figure, complete","2009","41318","1"
"Republic of Korea","2008","Total","April","Data tabulated by year of occurrence","Final figure, complete","2009","38783","1"
"Republic of Korea","2008","Total","May","Data tabulated by year of occurrence","Final figure, complete","2009","37598","1"
"Republic of Korea","2008","Total","June","Data tabulated by year of occurrence","Final figure, complete","2009","35035","1"
"Republic of Korea","2008","Total","July","Data tabulated by year of occurrence","Final figure, complete","2009","38042","1"
"Republic of Korea","2008","Total","August","Data tabulated by year of occurrence","Final figure, complete","2009","37787","1"
"Republic of Korea","2008","Total","September","Data tabulated by year of occurrence","Final figure, complete","2009","40037","1"
"Republic of Korea","2008","Total","October","Data tabulated by year of occurrence","Final figure, complete","2009","39886","1"
"Republic of Korea","2008","Total","November","Data tabulated by year of occurrence","Final figure, complete","2009","36473","1"
"Republic of Korea","2008","Total","December","Data tabulated by year of occurrence","Final figure, complete","2009","34691","1"
"Republic of Korea","2008","Total","Unknown","Data tabulated by year of occurrence","Final figure, complete","2009","0","1"
"Republic of Korea","2007","Total","Total","Data tabulated by year of occurrence","Final figure, complete","2009","493189","1"
"Republic of Korea","2007","Total","January","Data tabulated by year of occurrence","Final figure, complete","2009","43490","1"
"Republic of Korea","2007","Total","February","Data tabulated by year of occurrence","Final figure, complete","2009","39264","1"
"Republic of Korea","2007","Total","March","Data tabulated by year of occurrence","Final figure, complete","2009","43325","1"
"Republic of Korea","2007","Total","April","Data tabulated by year of occurrence","Final figure, complete","2009","40048","1"
"Republic of Korea","2007","Total","May","Data tabulated by year of occurrence","Final figure, complete","2009","39653","1"
"Republic of Korea","2007","Total","June","Data tabulated by year of occurrence","Final figure, complete","2009","36854","1"
"Republic of Korea","2007","Total","July","Data tabulated by year of occurrence","Final figure, complete","2009","39228","1"
"Republic of Korea","2007","Total","August","Data tabulated by year of occurrence","Final figure, complete","2009","43726","1"
"Republic of Korea","2007","Total","September","Data tabulated by year of occurrence","Final figure, complete","2009","44520","1"
"Republic of Korea","2007","Total","October","Data tabulated by year of occurrence","Final figure, complete","2009","45322","1"
"Republic of Korea","2007","Total","November","Data tabulated by year of occurrence","Final figure, complete","2009","41451","1"
"Republic of Korea","2007","Total","December","Data tabulated by year of occurrence","Final figure, complete","2009","36308","1"
"Republic of Korea","2007","Total","Unknown","Data tabulated by year of occurrence","Final figure, complete","2009","0","1"
"Republic of Korea","2006","Total","Total","Data tabulated by year of occurrence","Final figure, complete","2007","451514","2"
"Republic of Korea","2006","Total","Total","Data tabulated by year of occurrence","Final figure, complete","2009","448153","1"
"Republic of Korea","2006","Total","January","Data tabulated by year of occurrence","Final figure, complete","2009","40429","1"
"Republic of Korea","2006","Total","January","Data tabulated by year of occurrence","Final figure, complete","2007","40742","2"
"Republic of Korea","2006","Total","February","Data tabulated by year of occurrence","Final figure, complete","2007","37625","2"
"Republic of Korea","2006","Total","February","Data tabulated by year of occurrence","Final figure, complete","2009","37308","1"
"Republic of Korea","2006","Total","March","Data tabulated by year of occurrence","Final figure, complete","2009","40977","1"
"Republic of Korea","2006","Total","March","Data tabulated by year of occurrence","Final figure, complete","2007","41286","2"
"Republic of Korea","2006","Total","April","Data tabulated by year of occurrence","Final figure, complete","2007","37706","2"
"Republic of Korea","2006","Total","April","Data tabulated by year of occurrence","Final figure, complete","2009","37408","1"
"Republic of Korea","2006","Total","May","Data tabulated by year of occurrence","Final figure, complete","2009","37474","1"
"Republic of Korea","2006","Total","May","Data tabulated by year of occurrence","Final figure, complete","2007","37790","2"
"Republic of Korea","2006","Total","June","Data tabulated by year of occurrence","Final figure, complete","2007","35319","2"
"Republic of Korea","2006","Total","June","Data tabulated by year of occurrence","Final figure, complete","2009","35037","1"
"Republic of Korea","2006","Total","July","Data tabulated by year of occurrence","Final figure, complete","2009","34876","1"
"Republic of Korea","2006","Total","July","Data tabulated by year of occurrence","Final figure, complete","2007","35131","2"
"Republic of Korea","2006","Total","August","Data tabulated by year of occurrence","Final figure, complete","2007","37433","2"
"Republic of Korea","2006","Total","August","Data tabulated by year of occurrence","Final figure, complete","2009","37159","1"
"Republic of Korea","2006","Total","September","Data tabulated by year of occurrence","Final figure, complete","2009","38151","1"
"Republic of Korea","2006","Total","September","Data tabulated by year of occurrence","Final figure, complete","2007","38419","2"
"Republic of Korea","2006","Total","October","Data tabulated by year of occurrence","Final figure, complete","2007","38458","2"
"Republic of Korea","2006","Total","October","Data tabulated by year of occurrence","Final figure, complete","2009","38209","1"
"Republic of Korea","2006","Total","November","Data tabulated by year of occurrence","Final figure, complete","2009","36707","1"
"Republic of Korea","2006","Total","November","Data tabulated by year of occurrence","Final figure, complete","2007","36963","2"
"Republic of Korea","2006","Total","December","Data tabulated by year of occurrence","Final figure, complete","2007","34642","2"
"Republic of Korea","2006","Total","December","Data tabulated by year of occurrence","Final figure, complete","2009","34418","1"
"Republic of Korea","2006","Total","Unknown","Data tabulated by year of occurrence","Final figure, complete","2009","0","1"
"Republic of Korea","2005","Total","Total","Data tabulated by year of occurrence","Final figure, complete","2007","438062","2"
"Republic of Korea","2005","Total","Total","Data tabulated by year of occurrence","Final figure, complete","2008","435031","1"
"Republic of Korea","2005","Total","January","Data tabulated by year of occurrence","Final figure, complete","2008","41096","1"
"Republic of Korea","2005","Total","January","Data tabulated by year of occurrence","Final figure, complete","2007","41395","2"
"Republic of Korea","2005","Total","February","Data tabulated by year of occurrence","Final figure, complete","2007","35861","2"
"Republic of Korea","2005","Total","February","Data tabulated by year of occurrence","Final figure, complete","2008","35590","1"
"Republic of Korea","2005","Total","March","Data tabulated by year of occurrence","Final figure, complete","2008","40772","1"
"Republic of Korea","2005","Total","March","Data tabulated by year of occurrence","Final figure, complete","2007","41078","2"
"Republic of Korea","2005","Total","April","Data tabulated by year of occurrence","Final figure, complete","2007","36617","2"
"Republic of Korea","2005","Total","April","Data tabulated by year of occurrence","Final figure, complete","2008","36340","1"
"Republic of Korea","2005","Total","May","Data tabulated by year of occurrence","Final figure, complete","2008","35672","1"
"Republic of Korea","2005","Total","May","Data tabulated by year of occurrence","Final figure, complete","2007","35926","2"
"Republic of Korea","2005","Total","June","Data tabulated by year of occurrence","Final figure, complete","2007","33692","2"
"Republic of Korea","2005","Total","June","Data tabulated by year of occurrence","Final figure, complete","2008","33442","1"
"Republic of Korea","2005","Total","July","Data tabulated by year of occurrence","Final figure, complete","2008","34362","1"
"Republic of Korea","2005","Total","July","Data tabulated by year of occurrence","Final figure, complete","2007","34614","2"
"Republic of Korea","2005","Total","August","Data tabulated by year of occurrence","Final figure, complete","2007","35946","2"
"Republic of Korea","2005","Total","August","Data tabulated by year of occurrence","Final figure, complete","2008","35677","1"
"Republic of Korea","2005","Total","September","Data tabulated by year of occurrence","Final figure, complete","2008","37085","1"
"Republic of Korea","2005","Total","September","Data tabulated by year of occurrence","Final figure, complete","2007","37324","2"
"Republic of Korea","2005","Total","October","Data tabulated by year of occurrence","Final figure, complete","2007","37210","2"
"Republic of Korea","2005","Total","October","Data tabulated by year of occurrence","Final figure, complete","2008","36946","1"
"Republic of Korea","2005","Total","November","Data tabulated by year of occurrence","Final figure, complete","2008","35391","1"
"Republic of Korea","2005","Total","November","Data tabulated by year of occurrence","Final figure, complete","2007","35582","2"
"Republic of Korea","2005","Total","December","Data tabulated by year of occurrence","Final figure, complete","2007","32817","2"
"Republic of Korea","2005","Total","December","Data tabulated by year of occurrence","Final figure, complete","2008","32658","1"
"Republic of Korea","2005","Total","Unknown","Data tabulated by year of occurrence","Final figure, complete","2008","0","1"
"Republic of Korea","2004","Total","Total","Data tabulated by year of occurrence","Final figure, complete","2007","476052","2"
"Republic of Korea","2004","Total","Total","Data tabulated by year of occurrence","Final figure, complete","2008","472761","1"
"Republic of Korea","2004","Total","January","Data tabulated by year of occurrence","Final figure, complete","2008","45512","1"
"Republic of Korea","2004","Total","January","Data tabulated by year of occurrence","Final figure, complete","2007","45835","2"
"Republic of Korea","2004","Total","February","Data tabulated by year of occurrence","Final figure, complete","2007","41079","2"
"Republic of Korea","2004","Total","February","Data tabulated by year of occurrence","Final figure, complete","2008","40763","1"
"Republic of Korea","2004","Total","March","Data tabulated by year of occurrence","Final figure, complete","2008","45130","1"
"Republic of Korea","2004","Total","March","Data tabulated by year of occurrence","Final figure, complete","2007","45427","2"
"Republic of Korea","2004","Total","April","Data tabulated by year of occurrence","Final figure, complete","2007","40585","2"
"Republic of Korea","2004","Total","April","Data tabulated by year of occurrence","Final figure, complete","2008","40279","1"
"Republic of Korea","2004","Total","May","Data tabulated by year of occurrence","Final figure, complete","2008","38604","1"
"Republic of Korea","2004","Total","May","Data tabulated by year of occurrence","Final figure, complete","2007","38902","2"
"Republic of Korea","2004","Total","June","Data tabulated by year of occurrence","Final figure, complete","2007","36059","2"
"Republic of Korea","2004","Total","June","Data tabulated by year of occurrence","Final figure, complete","2008","35762","1"
"Republic of Korea","2004","Total","July","Data tabulated by year of occurrence","Final figure, complete","2008","37680","1"
"Republic of Korea","2004","Total","July","Data tabulated by year of occurrence","Final figure, complete","2007","37955","2"
"Republic of Korea","2004","Total","August","Data tabulated by year of occurrence","Final figure, complete","2007","38219","2"
"Republic of Korea","2004","Total","August","Data tabulated by year of occurrence","Final figure, complete","2008","37965","1"
"Republic of Korea","2004","Total","September","Data tabulated by year of occurrence","Final figure, complete","2008","38886","1"
"Republic of Korea","2004","Total","September","Data tabulated by year of occurrence","Final figure, complete","2007","39143","2"
"Republic of Korea","2004","Total","October","Data tabulated by year of occurrence","Final figure, complete","2007","40705","2"
"Republic of Korea","2004","Total","October","Data tabulated by year of occurrence","Final figure, complete","2008","40459","1"
"Republic of Korea","2004","Total","November","Data tabulated by year of occurrence","Final figure, complete","2008","37016","1"
"Republic of Korea","2004","Total","November","Data tabulated by year of occurrence","Final figure, complete","2007","37225","2"
"Republic of Korea","2004","Total","December","Data tabulated by year of occurrence","Final figure, complete","2007","34918","2"
"Republic of Korea","2004","Total","December","Data tabulated by year of occurrence","Final figure, complete","2008","34705","1"
"Republic of Korea","2004","Total","Unknown","Data tabulated by year of occurrence","Final figure, complete","2008","0","1"
"Republic of Korea","2003","Total","Total","Data tabulated by year of occurrence","Final figure, complete","2008","490543","1"
"Republic of Korea","2003","Total","Total","Data tabulated by year of occurrence","Final figure, complete","2005","493471","2"
"Republic of Korea","2003","Total","January","Data tabulated by year of occurrence","Final figure, complete","2005","45338","2"
"Republic of Korea","2003","Total","January","Data tabulated by year of occurrence","Final figure, complete","2008","45107","1"
"Republic of Korea","2003","Total","February","Data tabulated by year of occurrence","Final figure, complete","2008","41632","1"
"Republic of Korea","2003","Total","February","Data tabulated by year of occurrence","Final figure, complete","2005","41893","2"
"Republic of Korea","2003","Total","March","Data tabulated by year of occurrence","Final figure, complete","2005","45978","2"
"Republic of Korea","2003","Total","March","Data tabulated by year of occurrence","Final figure, complete","2008","45693","1"
"Republic of Korea","2003","Total","April","Data tabulated by year of occurrence","Final figure, complete","2008","42755","1"
"Republic of Korea","2003","Total","April","Data tabulated by year of occurrence","Final figure, complete","2005","43000","2"
"Republic of Korea","2003","Total","May","Data tabulated by year of occurrence","Final figure, complete","2008","40796","1"
"Republic of Korea","2003","Total","May","Data tabulated by year of occurrence","Final figure, complete","2005","41038","2"
"Republic of Korea","2003","Total","June","Data tabulated by year of occurrence","Final figure, complete","2005","36773","2"
"Republic of Korea","2003","Total","June","Data tabulated by year of occurrence","Final figure, complete","2008","36553","1"
"Republic of Korea","2003","Total","July","Data tabulated by year of occurrence","Final figure, complete","2008","37626","1"
"Republic of Korea","2003","Total","July","Data tabulated by year of occurrence","Final figure, complete","2005","37878","2"
"Republic of Korea","2003","Total","August","Data tabulated by year of occurrence","Final figure, complete","2005","37926","2"
"Republic of Korea","2003","Total","August","Data tabulated by year of occurrence","Final figure, complete","2008","37697","1"
"Republic of Korea","2003","Total","September","Data tabulated by year of occurrence","Final figure, complete","2008","41241","1"
"Republic of Korea","2003","Total","September","Data tabulated by year of occurrence","Final figure, complete","2005","41483","2"
"Republic of Korea","2003","Total","October","Data tabulated by year of occurrence","Final figure, complete","2005","43133","2"
"Republic of Korea","2003","Total","October","Data tabulated by year of occurrence","Final figure, complete","2008","42861","1"
"Republic of Korea","2003","Total","November","Data tabulated by year of occurrence","Final figure, complete","2008","40280","1"
"Republic of Korea","2003","Total","November","Data tabulated by year of occurrence","Final figure, complete","2005","40520","2"
"Republic of Korea","2003","Total","December","Data tabulated by year of occurrence","Final figure, complete","2008","38302","1"
"Republic of Korea","2003","Total","December","Data tabulated by year of occurrence","Final figure, complete","2005","38511","2"
"Republic of Korea","2003","Total","Unknown","Data tabulated by year of occurrence","Final figure, complete","2008","0","1"
"Republic of Korea","2002","Total","Total","Data tabulated by year of occurrence","Final figure, complete","2003","494625","2"
"Republic of Korea","2002","Total","Total","Data tabulated by year of occurrence","Final figure, complete","2008","492111","1"
"Republic of Korea","2002","Total","January","Data tabulated by year of occurrence","Final figure, complete","2008","48474","1"
"Republic of Korea","2002","Total","January","Data tabulated by year of occurrence","Final figure, complete","2003","48719","2"
"Republic of Korea","2002","Total","February","Data tabulated by year of occurrence","Final figure, complete","2008","43264","1"
"Republic of Korea","2002","Total","February","Data tabulated by year of occurrence","Final figure, complete","2003","43492","2"
"Republic of Korea","2002","Total","March","Data tabulated by year of occurrence","Final figure, complete","2008","47435","1"
"Republic of Korea","2002","Total","March","Data tabulated by year of occurrence","Final figure, complete","2003","47690","2"
"Republic of Korea","2002","Total","April","Data tabulated by year of occurrence","Final figure, complete","2003","43281","2"
"Republic of Korea","2002","Total","April","Data tabulated by year of occurrence","Final figure, complete","2008","43061","1"
"Republic of Korea","2002","Total","May","Data tabulated by year of occurrence","Final figure, complete","2008","41569","1"
"Republic of Korea","2002","Total","May","Data tabulated by year of occurrence","Final figure, complete","2003","41822","2"
"Republic of Korea","2002","Total","June","Data tabulated by year of occurrence","Final figure, complete","2008","37210","1"
"Republic of Korea","2002","Total","June","Data tabulated by year of occurrence","Final figure, complete","2003","37415","2"
"Republic of Korea","2002","Total","July","Data tabulated by year of occurrence","Final figure, complete","2003","40136","2"
"Republic of Korea","2002","Total","July","Data tabulated by year of occurrence","Final figure, complete","2008","39923","1"
"Republic of Korea","2002","Total","August","Data tabulated by year of occurrence","Final figure, complete","2008","39330","1"
"Republic of Korea","2002","Total","August","Data tabulated by year of occurrence","Final figure, complete","2003","39525","2"
"Republic of Korea","2002","Total","September","Data tabulated by year of occurrence","Final figure, complete","2008","39199","1"
"Republic of Korea","2002","Total","September","Data tabulated by year of occurrence","Final figure, complete","2003","39402","2"
"Republic of Korea","2002","Total","October","Data tabulated by year of occurrence","Final figure, complete","2003","39244","2"
"Republic of Korea","2002","Total","October","Data tabulated by year of occurrence","Final figure, complete","2008","39058","1"
"Republic of Korea","2002","Total","November","Data tabulated by year of occurrence","Final figure, complete","2008","37475","1"
"Republic of Korea","2002","Total","November","Data tabulated by year of occurrence","Final figure, complete","2003","37629","2"
"Republic of Korea","2002","Total","December","Data tabulated by year of occurrence","Final figure, complete","2008","36113","1"
"Republic of Korea","2002","Total","December","Data tabulated by year of occurrence","Final figure, complete","2003","36270","2"
"Republic of Korea","2002","Total","Unknown","Data tabulated by year of occurrence","Final figure, complete","2008","0","1"
"Republic of Korea","2001","Total","Total","Data tabulated by year of occurrence","Final figure, complete","2003","557228","2"
"Republic of Korea","2001","Total","Total","Data tabulated by year of occurrence","Final figure, complete","2008","554895","1"
"Republic of Korea","2001","Total","January","Data tabulated by year of occurrence","Final figure, complete","2008","56549","1"
"Republic of Korea","2001","Total","January","Data tabulated by year of occurrence","Final figure, complete","2003","56770","2"
"Republic of Korea","2001","Total","February","Data tabulated by year of occurrence","Final figure, complete","2003","49788","2"
"Republic of Korea","2001","Total","February","Data tabulated by year of occurrence","Final figure, complete","2008","49594","1"
"Republic of Korea","2001","Total","March","Data tabulated by year of occurrence","Final figure, complete","2008","54169","1"
"Republic of Korea","2001","Total","March","Data tabulated by year of occurrence","Final figure, complete","2003","54398","2"
"Republic of Korea","2001","Total","April","Data tabulated by year of occurrence","Final figure, complete","2003","48181","2"
"Republic of Korea","2001","Total","April","Data tabulated by year of occurrence","Final figure, complete","2008","47950","1"
"Republic of Korea","2001","Total","May","Data tabulated by year of occurrence","Final figure, complete","2008","46377","1"
"Republic of Korea","2001","Total","May","Data tabulated by year of occurrence","Final figure, complete","2003","46609","2"
"Republic of Korea","2001","Total","June","Data tabulated by year of occurrence","Final figure, complete","2003","41651","2"
"Republic of Korea","2001","Total","June","Data tabulated by year of occurrence","Final figure, complete","2008","41440","1"
"Republic of Korea","2001","Total","July","Data tabulated by year of occurrence","Final figure, complete","2008","42005","1"
"Republic of Korea","2001","Total","July","Data tabulated by year of occurrence","Final figure, complete","2003","42186","2"
"Republic of Korea","2001","Total","August","Data tabulated by year of occurrence","Final figure, complete","2008","43407","1"
"Republic of Korea","2001","Total","August","Data tabulated by year of occurrence","Final figure, complete","2003","43584","2"
"Republic of Korea","2001","Total","September","Data tabulated by year of occurrence","Final figure, complete","2008","45216","1"
"Republic of Korea","2001","Total","September","Data tabulated by year of occurrence","Final figure, complete","2003","45394","2"
"Republic of Korea","2001","Total","October","Data tabulated by year of occurrence","Final figure, complete","2003","44560","2"
"Republic of Korea","2001","Total","October","Data tabulated by year of occurrence","Final figure, complete","2008","44383","1"
"Republic of Korea","2001","Total","November","Data tabulated by year of occurrence","Final figure, complete","2008","42261","1"
"Republic of Korea","2001","Total","November","Data tabulated by year of occurrence","Final figure, complete","2003","42416","2"
"Republic of Korea","2001","Total","December","Data tabulated by year of occurrence","Final figure, complete","2003","41691","2"
"Republic of Korea","2001","Total","December","Data tabulated by year of occurrence","Final figure, complete","2008","41544","1"
"Republic of Korea","2001","Total","Unknown","Data tabulated by year of occurrence","Final figure, complete","2008","0","1"
"Republic of Korea","2000","Total","Total","Data tabulated by year of occurrence","Final figure, complete","2003","636780","2"
"Republic of Korea","2000","Total","Total","Data tabulated by year of occurrence","Final figure, complete","2008","634501","1"
"Republic of Korea","2000","Total","January","Data tabulated by year of occurrence","Final figure, complete","2008","61229","1"
"Republic of Korea","2000","Total","January","Data tabulated by year of occurrence","Final figure, complete","2003","61458","2"
"Republic of Korea","2000","Total","February","Data tabulated by year of occurrence","Final figure, complete","2008","56305","1"
"Republic of Korea","2000","Total","February","Data tabulated by year of occurrence","Final figure, complete","2003","56503","2"
"Republic of Korea","2000","Total","March","Data tabulated by year of occurrence","Final figure, complete","2003","59674","2"
"Republic of Korea","2000","Total","March","Data tabulated by year of occurrence","Final figure, complete","2008","59448","1"
"Republic of Korea","2000","Total","April","Data tabulated by year of occurrence","Final figure, complete","2008","52672","1"
"Republic of Korea","2000","Total","April","Data tabulated by year of occurrence","Final figure, complete","2003","52867","2"
"Republic of Korea","2000","Total","May","Data tabulated by year of occurrence","Final figure, complete","2003","52269","2"
"Republic of Korea","2000","Total","May","Data tabulated by year of occurrence","Final figure, complete","2008","52058","1"
"Republic of Korea","2000","Total","June","Data tabulated by year of occurrence","Final figure, complete","2008","46338","1"
"Republic of Korea","2000","Total","June","Data tabulated by year of occurrence","Final figure, complete","2003","46538","2"
"Republic of Korea","2000","Total","July","Data tabulated by year of occurrence","Final figure, complete","2003","48156","2"
"Republic of Korea","2000","Total","July","Data tabulated by year of occurrence","Final figure, complete","2008","47992","1"
"Republic of Korea","2000","Total","August","Data tabulated by year of occurrence","Final figure, complete","2008","50163","1"
"Republic of Korea","2000","Total","August","Data tabulated by year of occurrence","Final figure, complete","2003","50347","2"
"Republic of Korea","2000","Total","September","Data tabulated by year of occurrence","Final figure, complete","2008","52430","1"
"Republic of Korea","2000","Total","September","Data tabulated by year of occurrence","Final figure, complete","2003","52611","2"
"Republic of Korea","2000","Total","October","Data tabulated by year of occurrence","Final figure, complete","2008","53882","1"
"Republic of Korea","2000","Total","October","Data tabulated by year of occurrence","Final figure, complete","2003","54050","2"
"Republic of Korea","2000","Total","November","Data tabulated by year of occurrence","Final figure, complete","2003","52042","2"
"Republic of Korea","2000","Total","November","Data tabulated by year of occurrence","Final figure, complete","2008","51886","1"
"Republic of Korea","2000","Total","December","Data tabulated by year of occurrence","Final figure, complete","2008","50098","1"
"Republic of Korea","2000","Total","December","Data tabulated by year of occurrence","Final figure, complete","2003","50265","2"
"Republic of Korea","2000","Total","Unknown","Data tabulated by year of occurrence","Final figure, complete","2008","0","1"
"Republic of Korea","1999","Total","Total","Data tabulated by year of occurrence","Final figure, complete","2008","614233","1"
"Republic of Korea","1999","Total","Total","Data tabulated by year of occurrence","Final figure, complete","2003","616322","2"
"Republic of Korea","1999","Total","January","Data tabulated by year of occurrence","Final figure, complete","2008","58134","1"
"Republic of Korea","1999","Total","January","Data tabulated by year of occurrence","Final figure, complete","2003","58320","2"
"Republic of Korea","1999","Total","February","Data tabulated by year of occurrence","Final figure, complete","2008","52863","1"
"Republic of Korea","1999","Total","February","Data tabulated by year of occurrence","Final figure, complete","2003","53054","2"
"Republic of Korea","1999","Total","March","Data tabulated by year of occurrence","Final figure, complete","2003","57215","2"
"Republic of Korea","1999","Total","March","Data tabulated by year of occurrence","Final figure, complete","2008","56992","1"
"Republic of Korea","1999","Total","April","Data tabulated by year of occurrence","Final figure, complete","2008","51899","1"
"Republic of Korea","1999","Total","April","Data tabulated by year of occurrence","Final figure, complete","2003","52117","2"
"Republic of Korea","1999","Total","May","Data tabulated by year of occurrence","Final figure, complete","2003","50188","2"
"Republic of Korea","1999","Total","May","Data tabulated by year of occurrence","Final figure, complete","2008","50017","1"
"Republic of Korea","1999","Total","June","Data tabulated by year of occurrence","Final figure, complete","2008","46280","1"
"Republic of Korea","1999","Total","June","Data tabulated by year of occurrence","Final figure, complete","2003","46465","2"
"Republic of Korea","1999","Total","July","Data tabulated by year of occurrence","Final figure, complete","2008","48252","1"
"Republic of Korea","1999","Total","July","Data tabulated by year of occurrence","Final figure, complete","2003","48425","2"
"Republic of Korea","1999","Total","August","Data tabulated by year of occurrence","Final figure, complete","2008","47970","1"
"Republic of Korea","1999","Total","August","Data tabulated by year of occurrence","Final figure, complete","2003","48130","2"
"Republic of Korea","1999","Total","September","Data tabulated by year of occurrence","Final figure, complete","2003","50695","2"
"Republic of Korea","1999","Total","September","Data tabulated by year of occurrence","Final figure, complete","2008","50503","1"
"Republic of Korea","1999","Total","October","Data tabulated by year of occurrence","Final figure, complete","2008","51632","1"
"Republic of Korea","1999","Total","October","Data tabulated by year of occurrence","Final figure, complete","2003","51762","2"
"Republic of Korea","1999","Total","November","Data tabulated by year of occurrence","Final figure, complete","2003","50083","2"
"Republic of Korea","1999","Total","November","Data tabulated by year of occurrence","Final figure, complete","2008","49941","1"
"Republic of Korea","1999","Total","December","Data tabulated by year of occurrence","Final figure, complete","2008","49750","1"
"Republic of Korea","1999","Total","December","Data tabulated by year of occurrence","Final figure, complete","2003","49868","2"
"Republic of Korea","1999","Total","Unknown","Data tabulated by year of occurrence","Final figure, complete","2008","0","1"
"Republic of Korea","1998","Total","Total","Data tabulated by year of occurrence","Final figure, complete","2002","640126","2"
"Republic of Korea","1998","Total","Total","Data tabulated by year of occurrence","Final figure, complete","2008","634790","1"
"Republic of Korea","1998","Total","January","Data tabulated by year of occurrence","Final figure, complete","2008","59927","1"
"Republic of Korea","1998","Total","January","Data tabulated by year of occurrence","Final figure, complete","2002","60295","2"
"Republic of Korea","1998","Total","February","Data tabulated by year of occurrence","Final figure, complete","2008","56374","1"
"Republic of Korea","1998","Total","February","Data tabulated by year of occurrence","Final figure, complete","2002","56749","2"
"Republic of Korea","1998","Total","March","Data tabulated by year of occurrence","Final figure, complete","2008","59762","1"
"Republic of Korea","1998","Total","March","Data tabulated by year of occurrence","Final figure, complete","2002","60141","2"
"Republic of Korea","1998","Total","April","Data tabulated by year of occurrence","Final figure, complete","2002","54767","2"
"Republic of Korea","1998","Total","April","Data tabulated by year of occurrence","Final figure, complete","2008","54330","1"
"Republic of Korea","1998","Total","May","Data tabulated by year of occurrence","Final figure, complete","2008","51575","1"
"Republic of Korea","1998","Total","May","Data tabulated by year of occurrence","Final figure, complete","2002","51971","2"
"Republic of Korea","1998","Total","June","Data tabulated by year of occurrence","Final figure, complete","2002","49422","2"
"Republic of Korea","1998","Total","June","Data tabulated by year of occurrence","Final figure, complete","2008","49034","1"
"Republic of Korea","1998","Total","July","Data tabulated by year of occurrence","Final figure, complete","2008","49598","1"
"Republic of Korea","1998","Total","July","Data tabulated by year of occurrence","Final figure, complete","2002","50031","2"
"Republic of Korea","1998","Total","August","Data tabulated by year of occurrence","Final figure, complete","2008","49036","1"
"Republic of Korea","1998","Total","August","Data tabulated by year of occurrence","Final figure, complete","2002","49519","2"
"Republic of Korea","1998","Total","September","Data tabulated by year of occurrence","Final figure, complete","2002","53325","2"
"Republic of Korea","1998","Total","September","Data tabulated by year of occurrence","Final figure, complete","2008","52880","1"
"Republic of Korea","1998","Total","October","Data tabulated by year of occurrence","Final figure, complete","2008","52029","1"
"Republic of Korea","1998","Total","October","Data tabulated by year of occurrence","Final figure, complete","2002","52510","2"
"Republic of Korea","1998","Total","November","Data tabulated by year of occurrence","Final figure, complete","2008","49475","1"
"Republic of Korea","1998","Total","November","Data tabulated by year of occurrence","Final figure, complete","2002","50007","2"
"Republic of Korea","1998","Total","December","Data tabulated by year of occurrence","Final figure, complete","2008","50770","1"
"Republic of Korea","1998","Total","December","Data tabulated by year of occurrence","Final figure, complete","2002","51389","2"
"Republic of Korea","1998","Total","Unknown","Data tabulated by year of occurrence","Final figure, complete","2008","0","1"
"Republic of Korea","1997","Total","Total","Data tabulated by year of occurrence","Final figure, complete","2008","668344","1"
"Republic of Korea","1997","Total","Total","Data tabulated by year of occurrence","Final figure, complete","2002","675227","2"
"Republic of Korea","1997","Total","January","Data tabulated by year of occurrence","Final figure, complete","2002","63335","2"
"Republic of Korea","1997","Total","January","Data tabulated by year of occurrence","Final figure, complete","2008","62759","1"
"Republic of Korea","1997","Total","February","Data tabulated by year of occurrence","Final figure, complete","2008","57658","1"
"Republic of Korea","1997","Total","February","Data tabulated by year of occurrence","Final figure, complete","2002","58134","2"
"Republic of Korea","1997","Total","March","Data tabulated by year of occurrence","Final figure, complete","2002","62153","2"
"Republic of Korea","1997","Total","March","Data tabulated by year of occurrence","Final figure, complete","2008","61630","1"
"Republic of Korea","1997","Total","April","Data tabulated by year of occurrence","Final figure, complete","2008","56440","1"
"Republic of Korea","1997","Total","April","Data tabulated by year of occurrence","Final figure, complete","2002","56946","2"
"Republic of Korea","1997","Total","May","Data tabulated by year of occurrence","Final figure, complete","2002","55299","2"
"Republic of Korea","1997","Total","May","Data tabulated by year of occurrence","Final figure, complete","2008","54752","1"
"Republic of Korea","1997","Total","June","Data tabulated by year of occurrence","Final figure, complete","2008","50422","1"
"Republic of Korea","1997","Total","June","Data tabulated by year of occurrence","Final figure, complete","2002","50935","2"
"Republic of Korea","1997","Total","July","Data tabulated by year of occurrence","Final figure, complete","2002","53348","2"
"Republic of Korea","1997","Total","July","Data tabulated by year of occurrence","Final figure, complete","2008","52731","1"
"Republic of Korea","1997","Total","August","Data tabulated by year of occurrence","Final figure, complete","2008","52640","1"
"Republic of Korea","1997","Total","August","Data tabulated by year of occurrence","Final figure, complete","2002","53221","2"
"Republic of Korea","1997","Total","September","Data tabulated by year of occurrence","Final figure, complete","2002","55414","2"
"Republic of Korea","1997","Total","September","Data tabulated by year of occurrence","Final figure, complete","2008","54826","1"
"Republic of Korea","1997","Total","October","Data tabulated by year of occurrence","Final figure, complete","2008","56499","1"
"Republic of Korea","1997","Total","October","Data tabulated by year of occurrence","Final figure, complete","2002","57107","2"
"Republic of Korea","1997","Total","November","Data tabulated by year of occurrence","Final figure, complete","2008","53188","1"
"Republic of Korea","1997","Total","November","Data tabulated by year of occurrence","Final figure, complete","2002","53819","2"
"Republic of Korea","1997","Total","December","Data tabulated by year of occurrence","Final figure, complete","2002","55516","2"
"Republic of Korea","1997","Total","December","Data tabulated by year of occurrence","Final figure, complete","2008","54799","1"
"Republic of Korea","1997","Total","Unknown","Data tabulated by year of occurrence","Final figure, complete","2008","0","1"
"Republic of Korea","1996","Total","Total","Data tabulated by year of occurrence","Final figure, complete","2002","692495",""
"Republic of Korea","1996","Total","January","Data tabulated by year of occurrence","Final figure, complete","2002","67521",""
"Republic of Korea","1996","Total","February","Data tabulated by year of occurrence","Final figure, complete","2002","62692",""
"Republic of Korea","1996","Total","March","Data tabulated by year of occurrence","Final figure, complete","2002","63311",""
"Republic of Korea","1996","Total","April","Data tabulated by year of occurrence","Final figure, complete","2002","56727",""
"Republic of Korea","1996","Total","May","Data tabulated by year of occurrence","Final figure, complete","2002","54647",""
"Republic of Korea","1996","Total","June","Data tabulated by year of occurrence","Final figure, complete","2002","50539",""
"Republic of Korea","1996","Total","July","Data tabulated by year of occurrence","Final figure, complete","2002","52634",""
"Republic of Korea","1996","Total","August","Data tabulated by year of occurrence","Final figure, complete","2002","54280",""
"Republic of Korea","1996","Total","September","Data tabulated by year of occurrence","Final figure, complete","2002","57768",""
"Republic of Korea","1996","Total","October","Data tabulated by year of occurrence","Final figure, complete","2002","60970",""
"Republic of Korea","1996","Total","November","Data tabulated by year of occurrence","Final figure, complete","2002","55499",""
"Republic of Korea","1996","Total","December","Data tabulated by year of occurrence","Final figure, complete","2002","55907",""
"Republic of Korea","1995","Total","Total","Data tabulated by year of occurrence","Other estimate","2000","716993",""
"Republic of Korea","1995","Total","January","Data tabulated by year of occurrence","Other estimate","2000","67199",""
"Republic of Korea","1995","Total","February","Data tabulated by year of occurrence","Other estimate","2000","65930",""
"Republic of Korea","1995","Total","March","Data tabulated by year of occurrence","Other estimate","2000","65386",""
"Republic of Korea","1995","Total","April","Data tabulated by year of occurrence","Other estimate","2000","55213",""
"Republic of Korea","1995","Total","May","Data tabulated by year of occurrence","Other estimate","2000","55711",""
"Republic of Korea","1995","Total","June","Data tabulated by year of occurrence","Other estimate","2000","53535",""
"Republic of Korea","1995","Total","July","Data tabulated by year of occurrence","Other estimate","2000","54454",""
"Republic of Korea","1995","Total","August","Data tabulated by year of occurrence","Other estimate","2000","57296",""
"Republic of Korea","1995","Total","September","Data tabulated by year of occurrence","Other estimate","2000","60055",""
"Republic of Korea","1995","Total","October","Data tabulated by year of occurrence","Other estimate","2000","61577",""
"Republic of Korea","1995","Total","November","Data tabulated by year of occurrence","Other estimate","2000","59185",""
"Republic of Korea","1995","Total","December","Data tabulated by year of occurrence","Other estimate","2000","61452",""
"Republic of Korea","1994","Total","Total","Data tabulated by year of occurrence","Other estimate","1999","722834",""
"Republic of Korea","1994","Total","January","Data tabulated by year of occurrence","Other estimate","1999","70176",""
"Republic of Korea","1994","Total","February","Data tabulated by year of occurrence","Other estimate","1999","67489",""
"Republic of Korea","1994","Total","March","Data tabulated by year of occurrence","Other estimate","1999","63176",""
"Republic of Korea","1994","Total","April","Data tabulated by year of occurrence","Other estimate","1999","60352",""
"Republic of Korea","1994","Total","May","Data tabulated by year of occurrence","Other estimate","1999","59329",""
"Republic of Korea","1994","Total","June","Data tabulated by year of occurrence","Other estimate","1999","54583",""
"Republic of Korea","1994","Total","July","Data tabulated by year of occurrence","Other estimate","1999","56438",""
"Republic of Korea","1994","Total","August","Data tabulated by year of occurrence","Other estimate","1999","56941",""
"Republic of Korea","1994","Total","September","Data tabulated by year of occurrence","Other estimate","1999","58911",""
"Republic of Korea","1994","Total","October","Data tabulated by year of occurrence","Other estimate","1999","59398",""
"Republic of Korea","1994","Total","November","Data tabulated by year of occurrence","Other estimate","1999","57983",""
"Republic of Korea","1994","Total","December","Data tabulated by year of occurrence","Other estimate","1999","58058",""
"Republic of Korea","1993","Total","Total","Data tabulated by year of occurrence","Other estimate","1998","716637",""
"Republic of Korea","1993","Total","January","Data tabulated by year of occurrence","Other estimate","1998","69722",""
"Republic of Korea","1993","Total","February","Data tabulated by year of occurrence","Other estimate","1998","69898",""
"Republic of Korea","1993","Total","March","Data tabulated by year of occurrence","Other estimate","1998","62832",""
"Republic of Korea","1993","Total","April","Data tabulated by year of occurrence","Other estimate","1998","59006",""
"Republic of Korea","1993","Total","May","Data tabulated by year of occurrence","Other estimate","1998","56369",""
"Republic of Korea","1993","Total","June","Data tabulated by year of occurrence","Other estimate","1998","53786",""
"Republic of Korea","1993","Total","July","Data tabulated by year of occurrence","Other estimate","1998","55903",""
"Republic of Korea","1993","Total","August","Data tabulated by year of occurrence","Other estimate","1998","56650",""
"Republic of Korea","1993","Total","September","Data tabulated by year of occurrence","Other estimate","1998","57924",""
"Republic of Korea","1993","Total","October","Data tabulated by year of occurrence","Other estimate","1998","58800",""
"Republic of Korea","1993","Total","November","Data tabulated by year of occurrence","Other estimate","1998","57585",""
"Republic of Korea","1993","Total","December","Data tabulated by year of occurrence","Other estimate","1998","58162",""
"Republic of Korea","1992","Total","Total","Data tabulated by year of occurrence","Other estimate","1996","728973",""
"Republic of Korea","1992","Total","January","Data tabulated by year of occurrence","Other estimate","1996","71775",""
"Republic of Korea","1992","Total","February","Data tabulated by year of occurrence","Other estimate","1996","72282",""
"Republic of Korea","1992","Total","March","Data tabulated by year of occurrence","Other estimate","1996","57494",""
"Republic of Korea","1992","Total","April","Data tabulated by year of occurrence","Other estimate","1996","57872",""
"Republic of Korea","1992","Total","May","Data tabulated by year of occurrence","Other estimate","1996","56425",""
"Republic of Korea","1992","Total","June","Data tabulated by year of occurrence","Other estimate","1996","54242",""
"Republic of Korea","1992","Total","July","Data tabulated by year of occurrence","Other estimate","1996","56276",""
"Republic of Korea","1992","Total","August","Data tabulated by year of occurrence","Other estimate","1996","57523",""
"Republic of Korea","1992","Total","September","Data tabulated by year of occurrence","Other estimate","1996","60072",""
"Republic of Korea","1992","Total","October","Data tabulated by year of occurrence","Other estimate","1996","63245",""
"Republic of Korea","1992","Total","November","Data tabulated by year of occurrence","Other estimate","1996","60338",""
"Republic of Korea","1992","Total","December","Data tabulated by year of occurrence","Other estimate","1996","61429",""
"Republic of Korea","1991","Total","Total","Data tabulated by year of occurrence","Other estimate","1996","708390",""
"Republic of Korea","1991","Total","January","Data tabulated by year of occurrence","Other estimate","1996","71222",""
"Republic of Korea","1991","Total","February","Data tabulated by year of occurrence","Other estimate","1996","71813",""
"Republic of Korea","1991","Total","March","Data tabulated by year of occurrence","Other estimate","1996","53706",""
"Republic of Korea","1991","Total","April","Data tabulated by year of occurrence","Other estimate","1996","53912",""
"Republic of Korea","1991","Total","May","Data tabulated by year of occurrence","Other estimate","1996","54202",""
"Republic of Korea","1991","Total","June","Data tabulated by year of occurrence","Other estimate","1996","50634",""
"Republic of Korea","1991","Total","July","Data tabulated by year of occurrence","Other estimate","1996","55103",""
"Republic of Korea","1991","Total","August","Data tabulated by year of occurrence","Other estimate","1996","55975",""
"Republic of Korea","1991","Total","September","Data tabulated by year of occurrence","Other estimate","1996","58485",""
"Republic of Korea","1991","Total","October","Data tabulated by year of occurrence","Other estimate","1996","62242",""
"Republic of Korea","1991","Total","November","Data tabulated by year of occurrence","Other estimate","1996","59920",""
"Republic of Korea","1991","Total","December","Data tabulated by year of occurrence","Other estimate","1996","61176",""
"Republic of Korea","1990","Total","Total","Data tabulated by year of occurrence","Other estimate","1995","648203",""
"Republic of Korea","1990","Total","January","Data tabulated by year of occurrence","Other estimate","1995","65982",""
"Republic of Korea","1990","Total","February","Data tabulated by year of occurrence","Other estimate","1995","79233",""
"Republic of Korea","1990","Total","March","Data tabulated by year of occurrence","Other estimate","1995","45483",""
"Republic of Korea","1990","Total","April","Data tabulated by year of occurrence","Other estimate","1995","49505",""
"Republic of Korea","1990","Total","May","Data tabulated by year of occurrence","Other estimate","1995","51542",""
"Republic of Korea","1990","Total","June","Data tabulated by year of occurrence","Other estimate","1995","47972",""
"Republic of Korea","1990","Total","July","Data tabulated by year of occurrence","Other estimate","1995","50981",""
"Republic of Korea","1990","Total","August","Data tabulated by year of occurrence","Other estimate","1995","51561",""
"Republic of Korea","1990","Total","September","Data tabulated by year of occurrence","Other estimate","1995","52807",""
"Republic of Korea","1990","Total","October","Data tabulated by year of occurrence","Other estimate","1995","52919",""
"Republic of Korea","1990","Total","November","Data tabulated by year of occurrence","Other estimate","1995","50734",""
"Republic of Korea","1990","Total","December","Data tabulated by year of occurrence","Other estimate","1995","49484",""
"Republic of Korea","1989","Total","Total","Data tabulated by year of occurrence","Other estimate","1994","637416",""
"Republic of Korea","1989","Total","January","Data tabulated by year of occurrence","Other estimate","1994","66877",""
"Republic of Korea","1989","Total","February","Data tabulated by year of occurrence","Other estimate","1994","74182",""
"Republic of Korea","1989","Total","March","Data tabulated by year of occurrence","Other estimate","1994","44791",""
"Republic of Korea","1989","Total","April","Data tabulated by year of occurrence","Other estimate","1994","45830",""
"Republic of Korea","1989","Total","May","Data tabulated by year of occurrence","Other estimate","1994","48032",""
"Republic of Korea","1989","Total","June","Data tabulated by year of occurrence","Other estimate","1994","45146",""
"Republic of Korea","1989","Total","July","Data tabulated by year of occurrence","Other estimate","1994","48045",""
"Republic of Korea","1989","Total","August","Data tabulated by year of occurrence","Other estimate","1994","50018",""
"Republic of Korea","1989","Total","September","Data tabulated by year of occurrence","Other estimate","1994","52964",""
"Republic of Korea","1989","Total","October","Data tabulated by year of occurrence","Other estimate","1994","53675",""
"Republic of Korea","1989","Total","November","Data tabulated by year of occurrence","Other estimate","1994","52834",""
"Republic of Korea","1989","Total","December","Data tabulated by year of occurrence","Other estimate","1994","55022",""
"Republic of Korea","1988","Total","Total","Data tabulated by year of occurrence","Other estimate","1993","630347",""
"Republic of Korea","1988","Total","January","Data tabulated by year of occurrence","Other estimate","1993","69091",""
"Republic of Korea","1988","Total","February","Data tabulated by year of occurrence","Other estimate","1993","72113",""
"Republic of Korea","1988","Total","March","Data tabulated by year of occurrence","Other estimate","1993","43210",""
"Republic of Korea","1988","Total","April","Data tabulated by year of occurrence","Other estimate","1993","44102",""
"Republic of Korea","1988","Total","May","Data tabulated by year of occurrence","Other estimate","1993","46527",""
"Republic of Korea","1988","Total","June","Data tabulated by year of occurrence","Other estimate","1993","44297",""
"Republic of Korea","1988","Total","July","Data tabulated by year of occurrence","Other estimate","1993","46895",""
"Republic of Korea","1988","Total","August","Data tabulated by year of occurrence","Other estimate","1993","49575",""
"Republic of Korea","1988","Total","September","Data tabulated by year of occurrence","Other estimate","1993","52246",""
"Republic of Korea","1988","Total","October","Data tabulated by year of occurrence","Other estimate","1993","55244",""
"Republic of Korea","1988","Total","November","Data tabulated by year of occurrence","Other estimate","1993","54689",""
"Republic of Korea","1988","Total","December","Data tabulated by year of occurrence","Other estimate","1993","52358",""
"Republic of Korea","1987","Total","Total","Data tabulated by year of occurrence","Other estimate","1992","619931",""
"Republic of Korea","1987","Total","January","Data tabulated by year of occurrence","Other estimate","1992","66552",""
"Republic of Korea","1987","Total","February","Data tabulated by year of occurrence","Other estimate","1992","72196",""
"Republic of Korea","1987","Total","March","Data tabulated by year of occurrence","Other estimate","1992","45983",""
"Republic of Korea","1987","Total","April","Data tabulated by year of occurrence","Other estimate","1992","47331",""
"Republic of Korea","1987","Total","May","Data tabulated by year of occurrence","Other estimate","1992","47138",""
"Republic of Korea","1987","Total","June","Data tabulated by year of occurrence","Other estimate","1992","45303",""
"Republic of Korea","1987","Total","July","Data tabulated by year of occurrence","Other estimate","1992","46642",""
"Republic of Korea","1987","Total","August","Data tabulated by year of occurrence","Other estimate","1992","48266",""
"Republic of Korea","1987","Total","September","Data tabulated by year of occurrence","Other estimate","1992","50197",""
"Republic of Korea","1987","Total","October","Data tabulated by year of occurrence","Other estimate","1992","53322",""
"Republic of Korea","1987","Total","November","Data tabulated by year of occurrence","Other estimate","1992","50164",""
"Republic of Korea","1987","Total","December","Data tabulated by year of occurrence","Other estimate","1992","46837",""
"Republic of Korea","1986","Total","Total","Data tabulated by year of occurrence","Other estimate","1991","631021",""
"Republic of Korea","1986","Total","January","Data tabulated by year of occurrence","Other estimate","1991","69141",""
"Republic of Korea","1986","Total","February","Data tabulated by year of occurrence","Other estimate","1991","73059",""
"Republic of Korea","1986","Total","March","Data tabulated by year of occurrence","Other estimate","1991","48196",""
"Republic of Korea","1986","Total","April","Data tabulated by year of occurrence","Other estimate","1991","47518",""
"Republic of Korea","1986","Total","May","Data tabulated by year of occurrence","Other estimate","1991","47413",""
"Republic of Korea","1986","Total","June","Data tabulated by year of occurrence","Other estimate","1991","44892",""
"Republic of Korea","1986","Total","July","Data tabulated by year of occurrence","Other estimate","1991","48482",""
"Republic of Korea","1986","Total","August","Data tabulated by year of occurrence","Other estimate","1991","49201",""
"Republic of Korea","1986","Total","September","Data tabulated by year of occurrence","Other estimate","1991","49817",""
"Republic of Korea","1986","Total","October","Data tabulated by year of occurrence","Other estimate","1991","52247",""
"Republic of Korea","1986","Total","November","Data tabulated by year of occurrence","Other estimate","1991","52244",""
"Republic of Korea","1986","Total","December","Data tabulated by year of occurrence","Other estimate","1991","48811",""
"Republic of Korea","1985","Total","Total","Data tabulated by year of occurrence","Other estimate","1991","652064",""
"Republic of Korea","1985","Total","January","Data tabulated by year of occurrence","Other estimate","1991","72680",""
"Republic of Korea","1985","Total","February","Data tabulated by year of occurrence","Other estimate","1991","74959",""
"Republic of Korea","1985","Total","March","Data tabulated by year of occurrence","Other estimate","1991","48137",""
"Republic of Korea","1985","Total","April","Data tabulated by year of occurrence","Other estimate","1991","45101",""
"Republic of Korea","1985","Total","May","Data tabulated by year of occurrence","Other estimate","1991","47080",""
"Republic of Korea","1985","Total","June","Data tabulated by year of occurrence","Other estimate","1991","46093",""
"Republic of Korea","1985","Total","July","Data tabulated by year of occurrence","Other estimate","1991","49941",""
"Republic of Korea","1985","Total","August","Data tabulated by year of occurrence","Other estimate","1991","52110",""
"Republic of Korea","1985","Total","September","Data tabulated by year of occurrence","Other estimate","1991","51425",""
"Republic of Korea","1985","Total","October","Data tabulated by year of occurrence","Other estimate","1991","57118",""
"Republic of Korea","1985","Total","November","Data tabulated by year of occurrence","Other estimate","1991","54093",""
"Republic of Korea","1985","Total","December","Data tabulated by year of occurrence","Other estimate","1991","53327",""
"Republic of Korea","1984","Total","Total","Data tabulated by year of occurrence","Other estimate","1989","665670",""
"Republic of Korea","1984","Total","January","Data tabulated by year of occurrence","Other estimate","1989","77729",""
"Republic of Korea","1984","Total","February","Data tabulated by year of occurrence","Other estimate","1989","84372",""
"Republic of Korea","1984","Total","March","Data tabulated by year of occurrence","Other estimate","1989","50156",""
"Republic of Korea","1984","Total","April","Data tabulated by year of occurrence","Other estimate","1989","48344",""
"Republic of Korea","1984","Total","May","Data tabulated by year of occurrence","Other estimate","1989","47483",""
"Republic of Korea","1984","Total","June","Data tabulated by year of occurrence","Other estimate","1989","46963",""
"Republic of Korea","1984","Total","July","Data tabulated by year of occurrence","Other estimate","1989","49963",""
"Republic of Korea","1984","Total","August","Data tabulated by year of occurrence","Other estimate","1989","51038",""
"Republic of Korea","1984","Total","September","Data tabulated by year of occurrence","Other estimate","1989","52191",""
"Republic of Korea","1984","Total","October","Data tabulated by year of occurrence","Other estimate","1989","56129",""
"Republic of Korea","1984","Total","November","Data tabulated by year of occurrence","Other estimate","1989","52354",""
"Republic of Korea","1984","Total","December","Data tabulated by year of occurrence","Other estimate","1989","48948",""
"Republic of Korea","1983","Total","Total","Data tabulated by year of occurrence","Other estimate","1986","746375",""
"Republic of Korea","1983","Total","January","Data tabulated by year of occurrence","Other estimate","1986","84129",""
"Republic of Korea","1983","Total","February","Data tabulated by year of occurrence","Other estimate","1986","86241",""
"Republic of Korea","1983","Total","March","Data tabulated by year of occurrence","Other estimate","1986","59582",""
"Republic of Korea","1983","Total","April","Data tabulated by year of occurrence","Other estimate","1986","55109",""
"Republic of Korea","1983","Total","May","Data tabulated by year of occurrence","Other estimate","1986","55965",""
"Republic of Korea","1983","Total","June","Data tabulated by year of occurrence","Other estimate","1986","53323",""
"Republic of Korea","1983","Total","July","Data tabulated by year of occurrence","Other estimate","1986","55951",""
"Republic of Korea","1983","Total","August","Data tabulated by year of occurrence","Other estimate","1986","56877",""
"Republic of Korea","1983","Total","September","Data tabulated by year of occurrence","Other estimate","1986","57540",""
"Republic of Korea","1983","Total","October","Data tabulated by year of occurrence","Other estimate","1986","61499",""
"Republic of Korea","1983","Total","November","Data tabulated by year of occurrence","Other estimate","1986","61257",""
"Republic of Korea","1983","Total","December","Data tabulated by year of occurrence","Other estimate","1986","58902",""
"Republic of Korea","1982","Total","Total","Data tabulated by year of occurrence","Other estimate","1987","835113",""
"Republic of Korea","1982","Total","January","Data tabulated by year of occurrence","Other estimate","1987","91668",""
"Republic of Korea","1982","Total","February","Data tabulated by year of occurrence","Other estimate","1987","92622",""
"Republic of Korea","1982","Total","March","Data tabulated by year of occurrence","Other estimate","1987","69810",""
"Republic of Korea","1982","Total","April","Data tabulated by year of occurrence","Other estimate","1987","65225",""
"Republic of Korea","1982","Total","May","Data tabulated by year of occurrence","Other estimate","1987","63398",""
"Republic of Korea","1982","Total","June","Data tabulated by year of occurrence","Other estimate","1987","62153",""
"Republic of Korea","1982","Total","July","Data tabulated by year of occurrence","Other estimate","1987","63098",""
"Republic of Korea","1982","Total","August","Data tabulated by year of occurrence","Other estimate","1987","63463",""
"Republic of Korea","1982","Total","September","Data tabulated by year of occurrence","Other estimate","1987","63173",""
"Republic of Korea","1982","Total","October","Data tabulated by year of occurrence","Other estimate","1987","67431",""
"Republic of Korea","1982","Total","November","Data tabulated by year of occurrence","Other estimate","1987","65657",""
"Republic of Korea","1982","Total","December","Data tabulated by year of occurrence","Other estimate","1987","67415",""
"Republic of Korea","1981","Total","Total","Data tabulated by year of occurrence","Other estimate","1987","858557",""
"Republic of Korea","1981","Total","January","Data tabulated by year of occurrence","Other estimate","1987","87380",""
"Republic of Korea","1981","Total","February","Data tabulated by year of occurrence","Other estimate","1987","92659",""
"Republic of Korea","1981","Total","March","Data tabulated by year of occurrence","Other estimate","1987","69649",""
"Republic of Korea","1981","Total","April","Data tabulated by year of occurrence","Other estimate","1987","65396",""
"Republic of Korea","1981","Total","May","Data tabulated by year of occurrence","Other estimate","1987","68193",""
"Republic of Korea","1981","Total","June","Data tabulated by year of occurrence","Other estimate","1987","63918",""
"Republic of Korea","1981","Total","July","Data tabulated by year of occurrence","Other estimate","1987","67053",""
"Republic of Korea","1981","Total","August","Data tabulated by year of occurrence","Other estimate","1987","68241",""
"Republic of Korea","1981","Total","September","Data tabulated by year of occurrence","Other estimate","1987","67498",""
"Republic of Korea","1981","Total","October","Data tabulated by year of occurrence","Other estimate","1987","68661",""
"Republic of Korea","1981","Total","November","Data tabulated by year of occurrence","Other estimate","1987","69605",""
"Republic of Korea","1981","Total","December","Data tabulated by year of occurrence","Other estimate","1987","70304",""
"Republic of Korea","1980","Total","Total","Data tabulated by year of occurrence","Other estimate","1991","892116",""
"Republic of Korea","1980","Total","January","Data tabulated by year of occurrence","Other estimate","1991","78506",""
"Republic of Korea","1980","Total","February","Data tabulated by year of occurrence","Other estimate","1991","79398",""
"Republic of Korea","1980","Total","March","Data tabulated by year of occurrence","Other estimate","1991","80290",""
"Republic of Korea","1980","Total","April","Data tabulated by year of occurrence","Other estimate","1991","76722",""
"Republic of Korea","1980","Total","May","Data tabulated by year of occurrence","Other estimate","1991","71369",""
"Republic of Korea","1980","Total","June","Data tabulated by year of occurrence","Other estimate","1991","67801",""
"Republic of Korea","1980","Total","July","Data tabulated by year of occurrence","Other estimate","1991","66909",""
"Republic of Korea","1980","Total","August","Data tabulated by year of occurrence","Other estimate","1991","65124",""
"Republic of Korea","1980","Total","September","Data tabulated by year of occurrence","Other estimate","1991","74046",""
"Republic of Korea","1980","Total","October","Data tabulated by year of occurrence","Other estimate","1991","81183",""
"Republic of Korea","1980","Total","November","Data tabulated by year of occurrence","Other estimate","1991","74938",""
"Republic of Korea","1980","Total","December","Data tabulated by year of occurrence","Other estimate","1991","75830",""
"Republic of Korea","1979","Total","Total","Data tabulated by year of occurrence","Final figure, complete","1982","873813",""
"Republic of Korea","1979","Total","January","Data tabulated by year of occurrence","Final figure, complete","1982","100334",""
"Republic of Korea","1979","Total","February","Data tabulated by year of occurrence","Final figure, complete","1982","97816",""
"Republic of Korea","1979","Total","March","Data tabulated by year of occurrence","Final figure, complete","1982","76656",""
"Republic of Korea","1979","Total","April","Data tabulated by year of occurrence","Final figure, complete","1982","66605",""
"Republic of Korea","1979","Total","May","Data tabulated by year of occurrence","Final figure, complete","1982","68056",""
"Republic of Korea","1979","Total","June","Data tabulated by year of occurrence","Final figure, complete","1982","67111",""
"Republic of Korea","1979","Total","July","Data tabulated by year of occurrence","Final figure, complete","1982","60066",""
"Republic of Korea","1979","Total","August","Data tabulated by year of occurrence","Final figure, complete","1982","64804",""
"Republic of Korea","1979","Total","September","Data tabulated by year of occurrence","Final figure, complete","1982","62138",""
"Republic of Korea","1979","Total","October","Data tabulated by year of occurrence","Final figure, complete","1982","68741",""
"Republic of Korea","1979","Total","November","Data tabulated by year of occurrence","Final figure, complete","1982","70028",""
"Republic of Korea","1979","Total","December","Data tabulated by year of occurrence","Final figure, complete","1982","71458",""
"Republic of Korea","1978","Total","Total","Data tabulated by year of occurrence","Final figure, complete","1982","711810",""
"Republic of Korea","1978","Total","January","Data tabulated by year of occurrence","Final figure, complete","1982","71873",""
"Republic of Korea","1978","Total","February","Data tabulated by year of occurrence","Final figure, complete","1982","75056",""
"Republic of Korea","1978","Total","March","Data tabulated by year of occurrence","Final figure, complete","1982","60721",""
"Republic of Korea","1978","Total","April","Data tabulated by year of occurrence","Final figure, complete","1982","52282",""
"Republic of Korea","1978","Total","May","Data tabulated by year of occurrence","Final figure, complete","1982","52048",""
"Republic of Korea","1978","Total","June","Data tabulated by year of occurrence","Final figure, complete","1982","49156",""
"Republic of Korea","1978","Total","July","Data tabulated by year of occurrence","Final figure, complete","1982","53420",""
"Republic of Korea","1978","Total","August","Data tabulated by year of occurrence","Final figure, complete","1982","55485",""
"Republic of Korea","1978","Total","September","Data tabulated by year of occurrence","Final figure, complete","1982","55336",""
"Republic of Korea","1978","Total","October","Data tabulated by year of occurrence","Final figure, complete","1982","60482",""
"Republic of Korea","1978","Total","November","Data tabulated by year of occurrence","Final figure, complete","1982","63364",""
"Republic of Korea","1978","Total","December","Data tabulated by year of occurrence","Final figure, complete","1982","62587",""
"Republic of Korea","1977","Total","Total","Data tabulated by year of occurrence","Final figure, complete","1982","790063",""
"Republic of Korea","1977","Total","January","Data tabulated by year of occurrence","Final figure, complete","1982","79250",""
"Republic of Korea","1977","Total","February","Data tabulated by year of occurrence","Final figure, complete","1982","77996",""
"Republic of Korea","1977","Total","March","Data tabulated by year of occurrence","Final figure, complete","1982","66871",""
"Republic of Korea","1977","Total","April","Data tabulated by year of occurrence","Final figure, complete","1982","57683",""
"Republic of Korea","1977","Total","May","Data tabulated by year of occurrence","Final figure, complete","1982","55836",""
"Republic of Korea","1977","Total","June","Data tabulated by year of occurrence","Final figure, complete","1982","53252",""
"Republic of Korea","1977","Total","July","Data tabulated by year of occurrence","Final figure, complete","1982","59740",""
"Republic of Korea","1977","Total","August","Data tabulated by year of occurrence","Final figure, complete","1982","58934",""
"Republic of Korea","1977","Total","September","Data tabulated by year of occurrence","Final figure, complete","1982","59818",""
"Republic of Korea","1977","Total","October","Data tabulated by year of occurrence","Final figure, complete","1982","70818",""
"Republic of Korea","1977","Total","November","Data tabulated by year of occurrence","Final figure, complete","1982","69748",""
"Republic of Korea","1977","Total","December","Data tabulated by year of occurrence","Final figure, complete","1982","80117",""
"Republic of Korea","1976","Total","Total","Data tabulated by year of occurrence","Final figure, complete","1976","742511",""
"Republic of Korea","1976","Total","January","Data tabulated by year of occurrence","Final figure, complete","1976","82075",""
"Republic of Korea","1976","Total","February","Data tabulated by year of occurrence","Final figure, complete","1976","75801",""
"Republic of Korea","1976","Total","March","Data tabulated by year of occurrence","Final figure, complete","1976","70957",""
"Republic of Korea","1976","Total","April","Data tabulated by year of occurrence","Final figure, complete","1976","62203",""
"Republic of Korea","1976","Total","May","Data tabulated by year of occurrence","Final figure, complete","1976","55867",""
"Republic of Korea","1976","Total","June","Data tabulated by year of occurrence","Final figure, complete","1976","39318",""
"Republic of Korea","1976","Total","July","Data tabulated by year of occurrence","Final figure, complete","1976","41308",""
"Republic of Korea","1976","Total","August","Data tabulated by year of occurrence","Final figure, complete","1976","51502",""
"Republic of Korea","1976","Total","September","Data tabulated by year of occurrence","Final figure, complete","1976","48697",""
"Republic of Korea","1976","Total","October","Data tabulated by year of occurrence","Final figure, complete","1976","74479",""
"Republic of Korea","1976","Total","November","Data tabulated by year of occurrence","Final figure, complete","1976","91582",""
"Republic of Korea","1976","Total","December","Data tabulated by year of occurrence","Final figure, complete","1976","48722",""
"Republic of Korea","1975","Total","Total","Data tabulated by year of occurrence","Final figure, complete","1975","825829",""
"Republic of Korea","1975","Total","January","Data tabulated by year of occurrence","Final figure, complete","1975","91681",""
"Republic of Korea","1975","Total","February","Data tabulated by year of occurrence","Final figure, complete","1975","80410",""
"Republic of Korea","1975","Total","March","Data tabulated by year of occurrence","Final figure, complete","1975","73331",""
"Republic of Korea","1975","Total","April","Data tabulated by year of occurrence","Final figure, complete","1975","67833",""
"Republic of Korea","1975","Total","May","Data tabulated by year of occurrence","Final figure, complete","1975","63672",""
"Republic of Korea","1975","Total","June","Data tabulated by year of occurrence","Final figure, complete","1975","56143",""
"Republic of Korea","1975","Total","July","Data tabulated by year of occurrence","Final figure, complete","1975","66022",""
"Republic of Korea","1975","Total","August","Data tabulated by year of occurrence","Final figure, complete","1975","63363",""
"Republic of Korea","1975","Total","September","Data tabulated by year of occurrence","Final figure, complete","1975","58399",""
"Republic of Korea","1975","Total","October","Data tabulated by year of occurrence","Final figure, complete","1975","67198",""
"Republic of Korea","1975","Total","November","Data tabulated by year of occurrence","Final figure, complete","1975","60760",""
"Republic of Korea","1975","Total","December","Data tabulated by year of occurrence","Final figure, complete","1975","77017",""

"footnoteSeqID","Footnote"
"1","Excluding alien armed forces, civilian aliens employed by armed forces, and foreign diplomatic personnel and their dependants."
"2","Unrevised data that may include events which occurred abroad."
